sex_group,sample_size,yes_count,no_count,sample_proportion,percentage
Male,6893,1567,5326,0.22733207601914987,22.733207601914987
Female,6940,2580,4360,0.37175792507204614,37.17579250720461
